SOURCE	CLASSIFICATION	TARGET_SURFACE	CAPABILITY	MODE	EXECUTABLE	TARGET_STATUS
Projects	HIGH_VALUE_INTEGRATION_CANDIDATE	Project Catalog	NONE	PROJECT_DISCOVERY	NO	DISCOVERED
DokumentenSystem	HIGH_VALUE_INTEGRATION_CANDIDATE	Workflows / Evidence	workflow.execute	REFERENCE_ONLY	NO	GOVERNANCE_MAPPING_REQUIRED
ProofFlow-Obsidian-Vault	STRONG_CANDIDATE	Knowledge	NONE	LOCAL_KNOWLEDGE_VAULT	NO	AVAILABLE_IF_MEASURED
actions-runner-host	HIGH_VALUE_INTEGRATION_CANDIDATE	GitHub / CI	github.export|github.sync	EXTERNAL_CI_REFERENCE	NO	REFERENCE_ONLY
auto_bewerbungen	HIGH_VALUE_INTEGRATION_CANDIDATE	Career	NONE	CAREER_SOURCE	NO	SOURCE_VERIFICATION_REQUIRED
whatsapp-agent	HIGH_VALUE_INTEGRATION_CANDIDATE	Connectors / WhatsApp	NONE	CONNECTOR_CANDIDATE	NO	CONNECTOR_VERIFICATION_REQUIRED
matrix_shadowops	HIGH_VALUE_INTEGRATION_CANDIDATE	Projects / Integrations	NONE	REFERENCE_ONLY	NO	SOURCE_CLASSIFICATION_REQUIRED
shadowops-local-hold	HIGH_VALUE_INTEGRATION_CANDIDATE	Evidence / Archive	NONE	REFERENCE_ONLY	NO	DISCOVERED
openclaw-workspace	HIGH_VALUE_INTEGRATION_CANDIDATE	Agents / Workflows	workflow.execute	REFERENCE_ONLY	NO	GOVERNANCE_MAPPING_REQUIRED
